filename,source,label,license,timestamp,url,file_size
wikimedia_000000.jpg,wikimedia_commons,real,public_domain,2025-10-25T00:01:30.438201,https://upload.wikimedia.org/wikipedia/commons/1/1a/Do%C3%B1a_Hope_Portocarrero%2C_1973.jpg,377331
wikimedia_000001.jpg,wikimedia_commons,real,public_domain,2025-10-25T00:01:32.229154,https://upload.wikimedia.org/wikipedia/commons/1/1e/Kenji_Kano_Portrait_Japan_%E5%98%89%E7%B4%8D%E5%81%A5%E6%B2%BB_pre-1940.jpg,96415
wikimedia_000000.jpg,wikimedia_commons,real,public_domain,2025-10-25T00:04:59.247334,https://upload.wikimedia.org/wikipedia/commons/1/1a/Do%C3%B1a_Hope_Portocarrero%2C_1973.jpg,377331
wikimedia_000001.jpg,wikimedia_commons,real,public_domain,2025-10-25T00:05:01.449101,https://upload.wikimedia.org/wikipedia/commons/1/1e/Kenji_Kano_Portrait_Japan_%E5%98%89%E7%B4%8D%E5%81%A5%E6%B2%BB_pre-1940.jpg,96415
reddit_midjourney_000000.jpg,reddit_midjourney,ai,public,2025-10-25T00:05:07.283609,https://i.redd.it/k3x1vz3qeqsf1.png,8095615
reddit_midjourney_000001.jpg,reddit_midjourney,ai,public,2025-10-25T00:05:09.139562,https://i.redd.it/hrf0ldhvv3xf1.jpeg,4934853
reddit_midjourney_000002.jpg,reddit_midjourney,ai,public,2025-10-25T00:05:20.595286,https://i.redd.it/3ua5se0o44xf1.png,2326266
reddit_midjourney_000003.jpg,reddit_midjourney,ai,public,2025-10-25T00:05:22.206208,https://i.redd.it/cd8qev7n05xf1.png,2490422
reddit_midjourney_000004.jpg,reddit_midjourney,ai,public,2025-10-25T00:05:36.607668,https://i.redd.it/uaegofkyv4xf1.png,1945203
reddit_midjourney_000005.jpg,reddit_midjourney,ai,public,2025-10-25T00:05:37.846431,https://i.redd.it/27mfa0e385xf1.jpeg,284879
reddit_midjourney_000006.jpg,reddit_midjourney,ai,public,2025-10-25T00:05:39.200411,https://i.redd.it/uc961qcbt4xf1.png,654033
reddit_midjourney_000007.jpg,reddit_midjourney,ai,public,2025-10-25T00:05:45.480312,https://i.redd.it/o3x0r2pk15xf1.png,5108327
reddit_midjourney_000008.jpg,reddit_midjourney,ai,public,2025-10-25T00:05:47.101529,https://i.redd.it/e07bubvs71xf1.png,2094961
reddit_midjourney_000009.jpg,reddit_midjourney,ai,public,2025-10-25T00:05:48.650739,https://i.redd.it/8l4ejcrm34xf1.png,1673798
reddit_midjourney_000010.jpg,reddit_midjourney,ai,public,2025-10-25T00:05:50.450478,https://i.redd.it/kq833fnpe2xf1.png,1430990
reddit_midjourney_000011.jpg,reddit_midjourney,ai,public,2025-10-25T00:05:51.894378,https://i.redd.it/9fccdl6fu2xf1.png,6642233
wikimedia_000000.jpg,wikimedia_commons,real,public_domain,2025-10-25T00:10:33.324792,https://upload.wikimedia.org/wikipedia/commons/1/1a/Do%C3%B1a_Hope_Portocarrero%2C_1973.jpg,377331
wikimedia_000001.jpg,wikimedia_commons,real,public_domain,2025-10-25T00:10:35.081374,https://upload.wikimedia.org/wikipedia/commons/1/1e/Kenji_Kano_Portrait_Japan_%E5%98%89%E7%B4%8D%E5%81%A5%E6%B2%BB_pre-1940.jpg,96415
reddit_midjourney_000000.jpg,reddit_midjourney,ai,public,2025-10-25T00:11:20.046160,https://i.redd.it/k3x1vz3qeqsf1.png,8095615
reddit_midjourney_000001.jpg,reddit_midjourney,ai,public,2025-10-25T00:11:21.231958,https://i.redd.it/hrf0ldhvv3xf1.jpeg,4934853
reddit_midjourney_000002.jpg,reddit_midjourney,ai,public,2025-10-25T00:11:33.788785,https://i.redd.it/3ua5se0o44xf1.png,2326266
reddit_midjourney_000003.jpg,reddit_midjourney,ai,public,2025-10-25T00:11:35.578705,https://i.redd.it/cd8qev7n05xf1.png,2490422
reddit_midjourney_000004.jpg,reddit_midjourney,ai,public,2025-10-25T00:11:48.845608,https://i.redd.it/uaegofkyv4xf1.png,1945203
reddit_midjourney_000005.jpg,reddit_midjourney,ai,public,2025-10-25T00:11:49.986118,https://i.redd.it/27mfa0e385xf1.jpeg,284879
reddit_midjourney_000006.jpg,reddit_midjourney,ai,public,2025-10-25T00:11:51.430719,https://i.redd.it/uc961qcbt4xf1.png,654033
reddit_midjourney_000007.jpg,reddit_midjourney,ai,public,2025-10-25T00:11:57.406765,https://i.redd.it/o3x0r2pk15xf1.png,5108327
reddit_midjourney_000008.jpg,reddit_midjourney,ai,public,2025-10-25T00:11:59.306708,https://i.redd.it/e07bubvs71xf1.png,2094961
reddit_midjourney_000009.jpg,reddit_midjourney,ai,public,2025-10-25T00:12:00.599110,https://i.redd.it/8l4ejcrm34xf1.png,1673798
reddit_midjourney_000010.jpg,reddit_midjourney,ai,public,2025-10-25T00:12:02.320524,https://i.redd.it/kq833fnpe2xf1.png,1430990
reddit_midjourney_000011.jpg,reddit_midjourney,ai,public,2025-10-25T00:12:04.082075,https://i.redd.it/9fccdl6fu2xf1.png,6642233
wikimedia_000000.jpg,wikimedia_commons,real,public_domain,2025-10-25T00:16:58.694501,https://upload.wikimedia.org/wikipedia/commons/1/1a/Do%C3%B1a_Hope_Portocarrero%2C_1973.jpg,377331
wikimedia_000001.jpg,wikimedia_commons,real,public_domain,2025-10-25T00:17:00.929347,https://upload.wikimedia.org/wikipedia/commons/1/1e/Kenji_Kano_Portrait_Japan_%E5%98%89%E7%B4%8D%E5%81%A5%E6%B2%BB_pre-1940.jpg,96415
wikimedia_000000.jpg,wikimedia_commons,real,public_domain,2025-10-25T00:26:38.712629,https://upload.wikimedia.org/wikipedia/commons/1/1a/Do%C3%B1a_Hope_Portocarrero%2C_1973.jpg,377331
wikimedia_000001.jpg,wikimedia_commons,real,public_domain,2025-10-25T00:26:40.747642,https://upload.wikimedia.org/wikipedia/commons/1/1e/Kenji_Kano_Portrait_Japan_%E5%98%89%E7%B4%8D%E5%81%A5%E6%B2%BB_pre-1940.jpg,96415
reddit_midjourney_000000.jpg,reddit_midjourney,ai,public,2025-10-25T00:27:01.280636,https://i.redd.it/k3x1vz3qeqsf1.png,8095615
reddit_midjourney_000001.jpg,reddit_midjourney,ai,public,2025-10-25T00:27:02.966452,https://i.redd.it/hrf0ldhvv3xf1.jpeg,4934853
reddit_midjourney_000002.jpg,reddit_midjourney,ai,public,2025-10-25T00:27:13.511194,https://i.redd.it/3ua5se0o44xf1.png,2326266
reddit_midjourney_000003.jpg,reddit_midjourney,ai,public,2025-10-25T00:27:15.232076,https://i.redd.it/cd8qev7n05xf1.png,2490422
reddit_midjourney_000004.jpg,reddit_midjourney,ai,public,2025-10-25T00:27:29.485797,https://i.redd.it/uaegofkyv4xf1.png,1945203
reddit_midjourney_000005.jpg,reddit_midjourney,ai,public,2025-10-25T00:27:31.044468,https://i.redd.it/27mfa0e385xf1.jpeg,284879
reddit_midjourney_000006.jpg,reddit_midjourney,ai,public,2025-10-25T00:27:32.494517,https://i.redd.it/uc961qcbt4xf1.png,654033
reddit_midjourney_000007.jpg,reddit_midjourney,ai,public,2025-10-25T00:27:38.502669,https://i.redd.it/e07bubvs71xf1.png,2094961
reddit_midjourney_000008.jpg,reddit_midjourney,ai,public,2025-10-25T00:27:39.935849,https://i.redd.it/o3x0r2pk15xf1.png,5108327
reddit_midjourney_000009.jpg,reddit_midjourney,ai,public,2025-10-25T00:27:41.616402,https://i.redd.it/8l4ejcrm34xf1.png,1673798
reddit_midjourney_000010.jpg,reddit_midjourney,ai,public,2025-10-25T00:27:42.762491,https://i.redd.it/kq833fnpe2xf1.png,1430990
reddit_midjourney_000011.jpg,reddit_midjourney,ai,public,2025-10-25T00:27:44.105682,https://i.redd.it/9fccdl6fu2xf1.png,6642233
wikimedia_000000.jpg,wikimedia_commons,real,public_domain,2025-10-25T00:51:00.361807,https://upload.wikimedia.org/wikipedia/commons/1/1a/Do%C3%B1a_Hope_Portocarrero%2C_1973.jpg,377331
wikimedia_000001.jpg,wikimedia_commons,real,public_domain,2025-10-25T00:51:02.353293,https://upload.wikimedia.org/wikipedia/commons/1/1e/Kenji_Kano_Portrait_Japan_%E5%98%89%E7%B4%8D%E5%81%A5%E6%B2%BB_pre-1940.jpg,96415
artbreeder_playwright_000000.jpg,artbreeder_playwright,ai,public,2025-10-25T00:51:52.547409,https://artbreeder.b-cdn.net/imgs/17a47fcbe272b1f5b03700533a60.jpeg?width=400,33241
artbreeder_playwright_000001.jpg,artbreeder_playwright,ai,public,2025-10-25T00:51:56.016416,https://artbreeder.b-cdn.net/imgs/577c8220660c949beaa5c8971f4a.jpeg?width=400,28600
artbreeder_playwright_000002.jpg,artbreeder_playwright,ai,public,2025-10-25T00:51:59.163096,https://artbreeder.b-cdn.net/imgs/fc23ad20494657e7e3853eb992bc.jpeg?width=350,29415
artbreeder_playwright_000003.jpg,artbreeder_playwright,ai,public,2025-10-25T00:52:03.607394,https://artbreeder.b-cdn.net/imgs/1813b93382c5dfb87c4a9455b154.jpeg,44620
artbreeder_playwright_000004.jpg,artbreeder_playwright,ai,public,2025-10-25T00:52:07.301236,https://artbreeder.b-cdn.net/imgs/90336f5bafa2882c7812cb2941f9.jpeg?width=350,39074
artbreeder_playwright_000005.jpg,artbreeder_playwright,ai,public,2025-10-25T00:52:10.387849,https://artbreeder.b-cdn.net/imgs/1d0a6801b842260ca17ff9d48a0f.jpeg?width=300,40518
artbreeder_playwright_000006.jpg,artbreeder_playwright,ai,public,2025-10-25T00:52:13.506036,https://artbreeder.b-cdn.net/imgs/663d97fcc8ba63285d41f6de44f6.jpeg?width=300,29245
artbreeder_playwright_000007.jpg,artbreeder_playwright,ai,public,2025-10-25T00:52:16.234541,https://artbreeder.b-cdn.net/imgs/a09a9639058294b61af21bbc4157.jpeg?width=300,28575
artbreeder_playwright_000008.jpg,artbreeder_playwright,ai,public,2025-10-25T00:52:20.946848,https://artbreeder.b-cdn.net/imgs/a388099c2a4ae1c078946a566f9a.jpeg?width=350,31683
artbreeder_playwright_000009.jpg,artbreeder_playwright,ai,public,2025-10-25T00:52:24.032627,https://artbreeder.b-cdn.net/imgs/0f537385e3de2d5f4f6e540c98cc.jpeg?width=350,20953
artbreeder_playwright_000010.jpg,artbreeder_playwright,ai,public,2025-10-25T00:52:26.797264,https://artbreeder.b-cdn.net/imgs/cb17d405a3e08dcedb3491577500.jpeg,66126
artbreeder_playwright_000011.jpg,artbreeder_playwright,ai,public,2025-10-25T00:52:30.993350,https://artbreeder.b-cdn.net/imgs/fe8817a7e15260dc1db80564c2a0.jpeg?width=350,19239
artbreeder_playwright_000012.jpg,artbreeder_playwright,ai,public,2025-10-25T00:52:35.556416,https://artbreeder.b-cdn.net/imgs/190e4b02bcf640d1e437e765a1e8.jpeg?width=300,30274
artbreeder_playwright_000013.jpg,artbreeder_playwright,ai,public,2025-10-25T00:52:39.292762,https://artbreeder.b-cdn.net/imgs/2d6c54a93d1bd6a9a388b037a4db.jpeg?width=300,18092
artbreeder_playwright_000014.jpg,artbreeder_playwright,ai,public,2025-10-25T00:52:42.749677,https://artbreeder.b-cdn.net/imgs/314e60a5ada291f50a7ee79b0b88.jpeg?width=350,15754
artbreeder_playwright_000015.jpg,artbreeder_playwright,ai,public,2025-10-25T00:52:46.234779,https://artbreeder.b-cdn.net/imgs/a3853badcc3e864857f0b399ab38.jpeg?width=300,33172
artbreeder_playwright_000016.jpg,artbreeder_playwright,ai,public,2025-10-25T00:52:49.741203,https://artbreeder.b-cdn.net/imgs/13c61a26d63c24bc0eb5ecc566ef.jpeg?width=350,22515
artbreeder_playwright_000017.jpg,artbreeder_playwright,ai,public,2025-10-25T00:52:54.247087,https://artbreeder.b-cdn.net/imgs/b6bafc8daaba5b2aadebcbb39c94.jpeg?width=300,46974
artbreeder_playwright_000018.jpg,artbreeder_playwright,ai,public,2025-10-25T00:52:57.635458,https://artbreeder.b-cdn.net/imgs/9740c9099b9320506dde4d067c5a.jpeg?width=350,32905
artbreeder_playwright_000019.jpg,artbreeder_playwright,ai,public,2025-10-25T00:53:02.063293,https://artbreeder.b-cdn.net/imgs/fcf6d0ff084792e172bb9e238c90.jpeg?width=300,33170
artbreeder_playwright_000020.jpg,artbreeder_playwright,ai,public,2025-10-25T00:53:06.014218,https://artbreeder.b-cdn.net/imgs/85051054052ddbca78b13ac89b91.jpeg?width=250,21149
artbreeder_playwright_000021.jpg,artbreeder_playwright,ai,public,2025-10-25T00:53:09.240329,https://artbreeder.b-cdn.net/imgs/3acfa341584b36d182aff1fd10be.jpeg?width=300,36787
artbreeder_playwright_000022.jpg,artbreeder_playwright,ai,public,2025-10-25T00:53:12.327299,https://artbreeder.b-cdn.net/imgs/c89f4d2bb591e668bcd2e681175a.jpeg?width=300,22033
artbreeder_playwright_000023.jpg,artbreeder_playwright,ai,public,2025-10-25T00:53:16.106077,https://artbreeder.b-cdn.net/imgs/d2ba5f9f0e714060acfc60b8aa8b.jpeg?width=350,14748
artbreeder_playwright_000024.jpg,artbreeder_playwright,ai,public,2025-10-25T00:53:20.092770,https://artbreeder.b-cdn.net/imgs/96fb54b3a7429e125598a0429623.jpeg?width=300,28248
artbreeder_playwright_000025.jpg,artbreeder_playwright,ai,public,2025-10-25T00:53:23.861278,https://artbreeder.b-cdn.net/imgs/026738af9a30461e774d5bc55cd5.jpeg?width=250,23722
artbreeder_playwright_000026.jpg,artbreeder_playwright,ai,public,2025-10-25T00:53:27.114945,https://artbreeder.b-cdn.net/imgs/823573838261e3280d42e6f84a3d.jpeg?width=250,32757
artbreeder_playwright_000027.jpg,artbreeder_playwright,ai,public,2025-10-25T00:53:31.227330,https://artbreeder.b-cdn.net/imgs/43759104f19411690fef9bf8e147.jpeg?width=350,48270
artbreeder_playwright_000028.jpg,artbreeder_playwright,ai,public,2025-10-25T00:53:35.429482,https://artbreeder.b-cdn.net/imgs/8570100bcc36dbbd9e91817d4774.jpeg?width=300,23228
artbreeder_playwright_000029.jpg,artbreeder_playwright,ai,public,2025-10-25T00:53:38.440816,https://artbreeder.b-cdn.net/imgs/c4e13553f8af00bc2cd3f3770c64.jpeg?width=300,21450
artbreeder_playwright_000030.jpg,artbreeder_playwright,ai,public,2025-10-25T00:53:41.271329,https://artbreeder.b-cdn.net/imgs/0cb1fddc0f83c5132a65f4e01285.jpeg?width=350,28422
artbreeder_playwright_000031.jpg,artbreeder_playwright,ai,public,2025-10-25T00:53:44.317710,https://artbreeder.b-cdn.net/imgs/931c11a4152f1e37bdcce347cae6.jpeg?width=350,14045
artbreeder_playwright_000032.jpg,artbreeder_playwright,ai,public,2025-10-25T00:53:48.562722,https://artbreeder.b-cdn.net/imgs/09b158419bae47fcbe7f056f3354.jpeg,120109
artbreeder_playwright_000033.jpg,artbreeder_playwright,ai,public,2025-10-25T00:53:52.380386,https://artbreeder.b-cdn.net/imgs/542781cf7475c412f991e054f046.jpeg?width=350,33730
artbreeder_playwright_000034.jpg,artbreeder_playwright,ai,public,2025-10-25T00:53:56.271537,https://artbreeder.b-cdn.net/imgs/32a11d35fc07075fcf994cdaebfd.jpeg?width=350,27247
artbreeder_playwright_000035.jpg,artbreeder_playwright,ai,public,2025-10-25T00:53:59.092640,https://artbreeder.b-cdn.net/imgs/1121d60cd1c368e6223a89bdc351.jpeg?width=350,22611
artbreeder_playwright_000036.jpg,artbreeder_playwright,ai,public,2025-10-25T00:54:03.186507,https://artbreeder.b-cdn.net/imgs/8dc85b2bb6a4572f6a823973f76a.jpeg?width=350,18897
artbreeder_playwright_000037.jpg,artbreeder_playwright,ai,public,2025-10-25T00:54:06.974856,https://artbreeder.b-cdn.net/imgs/7e81f295c611900c1748acafd61f.jpeg,56188
artbreeder_playwright_000038.jpg,artbreeder_playwright,ai,public,2025-10-25T00:54:11.293330,https://artbreeder.b-cdn.net/imgs/be3d3fac9721e35c7e414087a553.jpeg?width=350,39156
artbreeder_playwright_000039.jpg,artbreeder_playwright,ai,public,2025-10-25T00:54:14.778187,https://artbreeder.b-cdn.net/imgs/7bf0d8db6c3658a3313929748164.jpeg?width=300,22954
artbreeder_playwright_000040.jpg,artbreeder_playwright,ai,public,2025-10-25T00:54:18.819022,https://artbreeder.b-cdn.net/imgs/c8c548fbeebe3ceab97ec9545c7a.jpeg?width=300,46429
artbreeder_playwright_000041.jpg,artbreeder_playwright,ai,public,2025-10-25T00:54:21.466663,https://artbreeder.b-cdn.net/imgs/512cca4ec054226cbcbc8a65b23d.jpeg?width=350,28742
artbreeder_playwright_000042.jpg,artbreeder_playwright,ai,public,2025-10-25T00:54:24.699465,https://artbreeder.b-cdn.net/imgs/cf0c15f157aa94031f217041da87.jpeg?width=300,43177
artbreeder_playwright_000043.jpg,artbreeder_playwright,ai,public,2025-10-25T00:54:28.322881,https://artbreeder.b-cdn.net/imgs/f3607f4aedb6456b871ad4921abc.jpeg,50337
artbreeder_playwright_000044.jpg,artbreeder_playwright,ai,public,2025-10-25T00:54:31.297329,https://artbreeder.b-cdn.net/imgs/3b323323c6c3f45100366112b941.jpeg?width=350,20705
artbreeder_playwright_000045.jpg,artbreeder_playwright,ai,public,2025-10-25T00:54:34.031379,https://artbreeder.b-cdn.net/imgs/55d3a234976a2dfd6e71bb410be8.jpeg?width=300,25185
artbreeder_playwright_000046.jpg,artbreeder_playwright,ai,public,2025-10-25T00:54:37.719277,https://artbreeder.b-cdn.net/imgs/4da1d509ce7baff9a0463b704ce5.jpeg?width=300,33785
artbreeder_playwright_000047.jpg,artbreeder_playwright,ai,public,2025-10-25T00:54:41.044033,https://artbreeder.b-cdn.net/imgs/a7e4229dda2a420713a414a3f08b.jpeg?width=250,26394
artbreeder_playwright_000048.jpg,artbreeder_playwright,ai,public,2025-10-25T00:54:44.754552,https://artbreeder.b-cdn.net/imgs/3e80ad25279a0310a0a94548c63e.jpeg,122046
artbreeder_playwright_000049.jpg,artbreeder_playwright,ai,public,2025-10-25T00:54:48.694951,https://artbreeder.b-cdn.net/imgs/0e506213c167e59201746be949cb.jpeg?width=250,40089
artbreeder_playwright_000050.jpg,artbreeder_playwright,ai,public,2025-10-25T00:54:52.368276,https://artbreeder.b-cdn.net/imgs/e1a6437de27f687d62eb73c59bec.jpeg?width=300,32473
artbreeder_playwright_000051.jpg,artbreeder_playwright,ai,public,2025-10-25T00:54:55.670386,https://artbreeder.b-cdn.net/imgs/9d74db2c4c8b732e8936a25efdc6.jpeg?width=350,30995
artbreeder_playwright_000052.jpg,artbreeder_playwright,ai,public,2025-10-25T00:54:59.732521,https://artbreeder.b-cdn.net/imgs/734949ae7e5f7d0e6c039d8e5bd8.jpeg?width=350,25517
artbreeder_playwright_000053.jpg,artbreeder_playwright,ai,public,2025-10-25T00:55:02.337692,https://artbreeder.b-cdn.net/imgs/127846c928501fb54b744d3393f0.jpeg?width=300,27029
artbreeder_playwright_000054.jpg,artbreeder_playwright,ai,public,2025-10-25T00:55:06.524149,https://artbreeder.b-cdn.net/imgs/51cbf29046387ce56194e4cb39cf.jpeg?width=350,33173
artbreeder_playwright_000055.jpg,artbreeder_playwright,ai,public,2025-10-25T00:55:09.789778,https://artbreeder.b-cdn.net/imgs/29ea14a8b6cc917178117dc69d23.jpeg?width=350,14306
artbreeder_playwright_000056.jpg,artbreeder_playwright,ai,public,2025-10-25T00:55:14.531552,https://artbreeder.b-cdn.net/imgs/2561b4c68d94e9d0716a90c7b5e4.jpeg?width=250,24101
artbreeder_playwright_000057.jpg,artbreeder_playwright,ai,public,2025-10-25T00:55:17.582698,https://artbreeder.b-cdn.net/imgs/fdec397cb6ce9dee5fefc162d919.jpeg,113203
artbreeder_playwright_000058.jpg,artbreeder_playwright,ai,public,2025-10-25T00:55:22.199487,https://artbreeder.b-cdn.net/imgs/fc9013b07e5e1277951baafe9c3b.jpeg?width=350,12461
artbreeder_playwright_000059.jpg,artbreeder_playwright,ai,public,2025-10-25T00:55:24.819700,https://artbreeder.b-cdn.net/imgs/9e052d296c3013d985d156df81aa.jpeg?width=350,26874
artbreeder_playwright_000060.jpg,artbreeder_playwright,ai,public,2025-10-25T00:55:28.194893,https://artbreeder.b-cdn.net/imgs/32a712e74125b0068087127174f5.jpeg?width=350,41027
artbreeder_playwright_000061.jpg,artbreeder_playwright,ai,public,2025-10-25T00:55:32.158887,https://artbreeder.b-cdn.net/imgs/45c0255d925a223e501523b9b70a.jpeg?width=350,18689
artbreeder_playwright_000062.jpg,artbreeder_playwright,ai,public,2025-10-25T00:55:34.808817,https://artbreeder.b-cdn.net/imgs/199af891e0c242795f71adddc4d9.jpeg,143536
artbreeder_playwright_000063.jpg,artbreeder_playwright,ai,public,2025-10-25T00:55:38.447329,https://artbreeder.b-cdn.net/imgs/bb50a065fd8d0573cb1622e4f6e2.jpeg?width=250,22453
artbreeder_playwright_000064.jpg,artbreeder_playwright,ai,public,2025-10-25T00:55:42.186265,https://artbreeder.b-cdn.net/imgs/b66bc3b764ec88f0c66fd1f2149c.jpeg?width=350,31713
artbreeder_playwright_000065.jpg,artbreeder_playwright,ai,public,2025-10-25T00:55:45.264645,https://artbreeder.b-cdn.net/imgs/42b4c7b3d50f204a76b86d90e175.jpeg?width=350,27402
artbreeder_playwright_000066.jpg,artbreeder_playwright,ai,public,2025-10-25T00:55:48.252364,https://artbreeder.b-cdn.net/imgs/14f32ba96ddd9420d18f4a346fb3.jpeg,59371
artbreeder_playwright_000067.jpg,artbreeder_playwright,ai,public,2025-10-25T00:55:52.173384,https://artbreeder.b-cdn.net/imgs/6fe93b32eb0abe34bbaa4ebc0ac5.jpeg?width=250,25166
artbreeder_playwright_000068.jpg,artbreeder_playwright,ai,public,2025-10-25T00:55:55.221394,https://artbreeder.b-cdn.net/imgs/fa07436debb05654597f5557f7d4.jpeg?width=300,30478
artbreeder_playwright_000069.jpg,artbreeder_playwright,ai,public,2025-10-25T00:55:59.034066,https://artbreeder.b-cdn.net/imgs/e2796c2e0c41317ae3a165fc869b.jpeg?width=250,22979
artbreeder_playwright_000070.jpg,artbreeder_playwright,ai,public,2025-10-25T00:56:02.036495,https://artbreeder.b-cdn.net/imgs/ee2cc9997cec4f0da6ff82dd89a1.jpeg?width=400,24923
artbreeder_playwright_000071.jpg,artbreeder_playwright,ai,public,2025-10-25T00:56:05.835027,https://artbreeder.b-cdn.net/imgs/bdbf6501660d455cd549d27ff04a.jpeg?width=350,48869
artbreeder_playwright_000072.jpg,artbreeder_playwright,ai,public,2025-10-25T00:56:08.933887,https://artbreeder.b-cdn.net/imgs/34a3ffcd7817c3dbfd0f1b7a2342.jpeg,69480
artbreeder_playwright_000073.jpg,artbreeder_playwright,ai,public,2025-10-25T00:56:12.080559,https://artbreeder.b-cdn.net/imgs/2a961048caca378bb8a1b0efdaf9.jpeg?width=300,12195
artbreeder_playwright_000074.jpg,artbreeder_playwright,ai,public,2025-10-25T00:56:15.144553,https://artbreeder.b-cdn.net/imgs/bc11d1491b4faed350164e430c18.jpeg?width=300,34775
artbreeder_playwright_000075.jpg,artbreeder_playwright,ai,public,2025-10-25T00:56:19.350276,https://artbreeder.b-cdn.net/imgs/a4c984cc7025cc95a5ddb4f8bd2c.jpeg?width=350,25280
artbreeder_playwright_000076.jpg,artbreeder_playwright,ai,public,2025-10-25T00:56:23.054692,https://artbreeder.b-cdn.net/imgs/f6c48bc9200cad02148ee9293e3c.jpeg?width=300,28948
artbreeder_playwright_000077.jpg,artbreeder_playwright,ai,public,2025-10-25T00:56:26.679487,https://artbreeder.b-cdn.net/imgs/830e379a404fd2264bc42b714886.jpeg?width=250,23754
artbreeder_playwright_000078.jpg,artbreeder_playwright,ai,public,2025-10-25T00:56:30.535102,https://artbreeder.b-cdn.net/imgs/abfa9a759d97d2691051839ba99c.jpeg?width=300,47336
artbreeder_playwright_000079.jpg,artbreeder_playwright,ai,public,2025-10-25T00:56:33.499731,https://artbreeder.b-cdn.net/imgs/80dcabefc4cb454c1237d73d5193.jpeg?width=350,37697
artbreeder_playwright_000080.jpg,artbreeder_playwright,ai,public,2025-10-25T00:56:36.644853,https://artbreeder.b-cdn.net/imgs/247b68921bd2e208adcbb2da15f3.jpeg?width=350,8044
artbreeder_playwright_000081.jpg,artbreeder_playwright,ai,public,2025-10-25T00:56:41.361398,https://artbreeder.b-cdn.net/imgs/3f7e659ec3029a24609b9856b89b.jpeg?width=300,26993
artbreeder_playwright_000082.jpg,artbreeder_playwright,ai,public,2025-10-25T00:56:44.398185,https://artbreeder.b-cdn.net/imgs/8afe6b2c02e51d351f39220b1c28.jpeg?width=350,16770
artbreeder_playwright_000083.jpg,artbreeder_playwright,ai,public,2025-10-25T00:56:48.174990,https://artbreeder.b-cdn.net/imgs/f32786ae63904c132166a5d3ae5a.jpeg?width=350,23014
artbreeder_playwright_000084.jpg,artbreeder_playwright,ai,public,2025-10-25T00:56:51.200696,https://artbreeder.b-cdn.net/imgs/3e7d1de8e101a53a7206aa0287b8.jpeg,70483
artbreeder_playwright_000085.jpg,artbreeder_playwright,ai,public,2025-10-25T00:56:54.991043,https://artbreeder.b-cdn.net/imgs/c7d65066684d9017d2a791ff656b.jpeg?width=300,171658
artbreeder_playwright_000086.jpg,artbreeder_playwright,ai,public,2025-10-25T00:56:59.403714,https://artbreeder.b-cdn.net/imgs/3717e44fe72a7d409914c1aede97.jpeg?width=300,32374
artbreeder_playwright_000087.jpg,artbreeder_playwright,ai,public,2025-10-25T00:57:02.139788,https://artbreeder.b-cdn.net/imgs/98edb6fc4764cda500e3287b08a7.jpeg,72530
artbreeder_playwright_000088.jpg,artbreeder_playwright,ai,public,2025-10-25T00:57:05.533552,https://artbreeder.b-cdn.net/imgs/0d8a1582c6f39fd0cdcc547d19e4.jpeg?width=300,23955
artbreeder_playwright_000089.jpg,artbreeder_playwright,ai,public,2025-10-25T00:57:08.624128,https://artbreeder.b-cdn.net/imgs/d6b6caf72622331ed6fb4ebdce27.jpeg?width=250,24975
artbreeder_playwright_000090.jpg,artbreeder_playwright,ai,public,2025-10-25T00:57:11.480366,https://artbreeder.b-cdn.net/imgs/59a7a1d14a419d13519b39f0f46f.jpeg?width=300,43611
artbreeder_playwright_000091.jpg,artbreeder_playwright,ai,public,2025-10-25T00:57:14.080962,https://artbreeder.b-cdn.net/imgs/823c5c6b6c0913ce2ad055068c04.jpeg?width=350,28668
artbreeder_playwright_000092.jpg,artbreeder_playwright,ai,public,2025-10-25T00:57:17.756667,https://artbreeder.b-cdn.net/imgs/d93cc354260f0543a30ef892e6f9.jpeg?width=250,33180
artbreeder_playwright_000093.jpg,artbreeder_playwright,ai,public,2025-10-25T00:57:22.250441,https://artbreeder.b-cdn.net/imgs/15a91a61bc73294ae75e2cca19c3.jpeg?width=300,30325
artbreeder_playwright_000094.jpg,artbreeder_playwright,ai,public,2025-10-25T00:57:25.193292,https://artbreeder.b-cdn.net/imgs/b13622feeb0f0eb5d7c128d7a149.jpeg?width=300,24157
artbreeder_playwright_000095.jpg,artbreeder_playwright,ai,public,2025-10-25T00:57:28.303184,https://artbreeder.b-cdn.net/imgs/2a44d0a3e0e4374aeb1b9e1950e8.jpeg?width=300,21705
artbreeder_playwright_000096.jpg,artbreeder_playwright,ai,public,2025-10-25T00:57:32.309542,https://artbreeder.b-cdn.net/imgs/c937f99aef0b6f379115afa2c832.jpeg?width=300,50937
artbreeder_playwright_000097.jpg,artbreeder_playwright,ai,public,2025-10-25T00:57:36.411027,https://artbreeder.b-cdn.net/imgs/6bd3bb913ae62f5ea8ee86588b2b.jpeg?width=300,35763
artbreeder_playwright_000098.jpg,artbreeder_playwright,ai,public,2025-10-25T00:57:40.757415,https://artbreeder.b-cdn.net/imgs/8a0b0496a3dbc88ac3ffb2f6fd18.jpeg?width=300,24441
artbreeder_playwright_000099.jpg,artbreeder_playwright,ai,public,2025-10-25T00:57:44.488209,https://artbreeder.b-cdn.net/imgs/4fe1d69152a20c9d2bc6bf6cee5b.jpeg?width=300,27997
artbreeder_playwright_000100.jpg,artbreeder_playwright,ai,public,2025-10-25T00:57:49.048205,https://artbreeder.b-cdn.net/imgs/19c32e9b204e4837efba033155ae.jpeg?width=350,29569
artbreeder_playwright_000101.jpg,artbreeder_playwright,ai,public,2025-10-25T00:57:52.335670,https://artbreeder.b-cdn.net/imgs/572ccba3aaf9e1d05e24eea91194.jpeg?width=300,21144
artbreeder_playwright_000102.jpg,artbreeder_playwright,ai,public,2025-10-25T00:57:56.658433,https://artbreeder.b-cdn.net/imgs/63457e38b73a0aa2b84fbdb338e6.jpeg?width=300,29815
artbreeder_playwright_000103.jpg,artbreeder_playwright,ai,public,2025-10-25T00:58:00.421201,https://artbreeder.b-cdn.net/imgs/ddc6f085e0e489fb9049c9c6a666.jpeg?width=350,23374
artbreeder_playwright_000104.jpg,artbreeder_playwright,ai,public,2025-10-25T00:58:03.347151,https://artbreeder.b-cdn.net/imgs/0ca426339960a01b1b73c6520675.jpeg?width=350,28541
artbreeder_playwright_000105.jpg,artbreeder_playwright,ai,public,2025-10-25T00:58:07.938982,https://artbreeder.b-cdn.net/imgs/2b35c6bad3fa9db53f4262cce1ad.jpeg?width=250,30589
artbreeder_playwright_000106.jpg,artbreeder_playwright,ai,public,2025-10-25T00:58:10.586703,https://artbreeder.b-cdn.net/imgs/c41f17184489e88f248d6db8a131.jpeg?width=300,33146
artbreeder_playwright_000107.jpg,artbreeder_playwright,ai,public,2025-10-25T00:58:13.830257,https://artbreeder.b-cdn.net/imgs/0a6cce6bad00e00b5d5f7280c477.jpeg?width=350,23667
artbreeder_playwright_000108.jpg,artbreeder_playwright,ai,public,2025-10-25T00:58:18.255093,https://artbreeder.b-cdn.net/imgs/3f72480fbd297d513abc4efda791.jpeg?width=350,36828
artbreeder_playwright_000109.jpg,artbreeder_playwright,ai,public,2025-10-25T00:58:20.740258,https://artbreeder.b-cdn.net/imgs/2258acad306538f14e87b8435d70.jpeg?width=300,28182
artbreeder_playwright_000110.jpg,artbreeder_playwright,ai,public,2025-10-25T00:58:23.591481,https://artbreeder.b-cdn.net/imgs/71efaf8ac590e553ce5ba5cec8ff.jpeg?width=300,34148
artbreeder_playwright_000111.jpg,artbreeder_playwright,ai,public,2025-10-25T00:58:26.587959,https://artbreeder.b-cdn.net/imgs/68d1da89fed5c46854f8cd5adefb.jpeg?width=350,36760
artbreeder_playwright_000112.jpg,artbreeder_playwright,ai,public,2025-10-25T00:58:30.422745,https://artbreeder.b-cdn.net/imgs/1535808eac9d19ac9318d06c2d63.jpeg?width=350,24997
artbreeder_playwright_000113.jpg,artbreeder_playwright,ai,public,2025-10-25T00:58:34.857425,https://artbreeder.b-cdn.net/imgs/d5e1cf936051171c78ec0bbbe557.jpeg?width=300,34832
artbreeder_playwright_000114.jpg,artbreeder_playwright,ai,public,2025-10-25T00:58:38.328440,https://artbreeder.b-cdn.net/imgs/47af62b519f905a19222f475669c.jpeg?width=350,24668
artbreeder_playwright_000115.jpg,artbreeder_playwright,ai,public,2025-10-25T00:58:41.478895,https://artbreeder.b-cdn.net/imgs/131fa2a2322744970982d5b1a971.jpeg?width=350,28037
artbreeder_playwright_000116.jpg,artbreeder_playwright,ai,public,2025-10-25T00:58:44.881477,https://artbreeder.b-cdn.net/imgs/b778beddc05704e1627ea08103de.jpeg?width=250,29273
artbreeder_playwright_000117.jpg,artbreeder_playwright,ai,public,2025-10-25T00:58:49.092942,https://artbreeder.b-cdn.net/imgs/a61688c2a55ae99d7f2b85736064.jpeg?width=300,27386
artbreeder_playwright_000118.jpg,artbreeder_playwright,ai,public,2025-10-25T00:58:52.497783,https://artbreeder.b-cdn.net/imgs/61611f4ff8a2ee1fb47f21428349.jpeg?width=300,23603
artbreeder_playwright_000119.jpg,artbreeder_playwright,ai,public,2025-10-25T00:58:55.769452,https://artbreeder.b-cdn.net/imgs/b3514902dda59af16d315fbf2a9d.jpeg?width=300,24157
artbreeder_playwright_000120.jpg,artbreeder_playwright,ai,public,2025-10-25T00:58:59.320798,https://artbreeder.b-cdn.net/imgs/55d94b7cbea4dd38a2fb0e0e0f8c.jpeg?width=300,37384
artbreeder_playwright_000121.jpg,artbreeder_playwright,ai,public,2025-10-25T00:59:02.718839,https://artbreeder.b-cdn.net/imgs/dafc3baee219b609c07206c80873.jpeg?width=350,40914
artbreeder_playwright_000122.jpg,artbreeder_playwright,ai,public,2025-10-25T00:59:07.181009,https://artbreeder.b-cdn.net/imgs/875f6caa5c85574f440b6c2a0f60.jpeg?width=350,35871
artbreeder_playwright_000123.jpg,artbreeder_playwright,ai,public,2025-10-25T00:59:11.995625,https://artbreeder.b-cdn.net/imgs/4abb8f5af50b23cd18042be7fcb7.jpeg?width=300,23900
artbreeder_playwright_000124.jpg,artbreeder_playwright,ai,public,2025-10-25T00:59:15.495389,https://artbreeder.b-cdn.net/imgs/cc4a449ee6e154cd0f81c2bf7056.jpeg?width=300,39692
artbreeder_playwright_000125.jpg,artbreeder_playwright,ai,public,2025-10-25T00:59:18.680934,https://artbreeder.b-cdn.net/imgs/011b440722d1b91f4fa33db8fa62.jpeg?width=250,11115
artbreeder_playwright_000126.jpg,artbreeder_playwright,ai,public,2025-10-25T00:59:23.155970,https://artbreeder.b-cdn.net/imgs/cf8db424cce10b7795f3d0576f93.jpeg?width=350,28390
artbreeder_playwright_000127.jpg,artbreeder_playwright,ai,public,2025-10-25T00:59:27.151093,https://artbreeder.b-cdn.net/imgs/582eace1b33f7c54fffa0bba61aa.jpeg?width=300,36249
artbreeder_playwright_000128.jpg,artbreeder_playwright,ai,public,2025-10-25T00:59:30.511955,https://artbreeder.b-cdn.net/imgs/240fc24332aba30734732cced4f2.jpeg?width=300,23232
artbreeder_playwright_000129.jpg,artbreeder_playwright,ai,public,2025-10-25T00:59:33.122143,https://artbreeder.b-cdn.net/imgs/e3258069b311f5aadd2e8d356b2a.jpeg?width=300,24766
artbreeder_playwright_000130.jpg,artbreeder_playwright,ai,public,2025-10-25T00:59:37.640980,https://artbreeder.b-cdn.net/imgs/107769066e35044941b1ab49b0d6.jpeg?width=350,34079
artbreeder_playwright_000131.jpg,artbreeder_playwright,ai,public,2025-10-25T00:59:40.137098,https://artbreeder.b-cdn.net/imgs/52daa77889453a1573d5a5bc856e.jpeg,81589
artbreeder_playwright_000132.jpg,artbreeder_playwright,ai,public,2025-10-25T00:59:43.386989,https://artbreeder.b-cdn.net/imgs/cb23096314201ec3b966a31f22e3.jpeg?width=350,24208
artbreeder_playwright_000133.jpg,artbreeder_playwright,ai,public,2025-10-25T00:59:47.812531,https://artbreeder.b-cdn.net/imgs/7835b926e6df807b0bebd2deb6e4.jpeg,71786
artbreeder_playwright_000134.jpg,artbreeder_playwright,ai,public,2025-10-25T00:59:51.899441,https://artbreeder.b-cdn.net/imgs/909672895475250c355ee40728f6.jpeg,59644
artbreeder_playwright_000135.jpg,artbreeder_playwright,ai,public,2025-10-25T00:59:56.231675,https://artbreeder.b-cdn.net/imgs/1fd26cffd0f7391149af6001811c.jpeg?width=300,22687
artbreeder_playwright_000136.jpg,artbreeder_playwright,ai,public,2025-10-25T00:59:59.087221,https://artbreeder.b-cdn.net/imgs/f3de2bbd8e40d1cd73c01b9f5f54.jpeg?width=400,30594
artbreeder_playwright_000137.jpg,artbreeder_playwright,ai,public,2025-10-25T01:00:03.540187,https://artbreeder.b-cdn.net/imgs/81fb9d0261b52e0486cc8306fc18.jpeg?width=300,28423
artbreeder_playwright_000138.jpg,artbreeder_playwright,ai,public,2025-10-25T01:00:07.087082,https://artbreeder.b-cdn.net/imgs/011a203bb1786ae9d7920935413a.jpeg?width=300,19031
artbreeder_playwright_000139.jpg,artbreeder_playwright,ai,public,2025-10-25T01:00:11.180279,https://artbreeder.b-cdn.net/imgs/996d4e4c17f4cde326b1638c3701.jpeg?width=300,190727
artbreeder_playwright_000140.jpg,artbreeder_playwright,ai,public,2025-10-25T01:00:15.634454,https://artbreeder.b-cdn.net/imgs/8cc7029b4bf9355d6507e6ff5b6b.jpeg?width=300,34651
artbreeder_playwright_000141.jpg,artbreeder_playwright,ai,public,2025-10-25T01:00:18.946676,https://artbreeder.b-cdn.net/imgs/46ab83d6ddd6205cd654545fe39c.jpeg?width=350,32184
artbreeder_playwright_000142.jpg,artbreeder_playwright,ai,public,2025-10-25T01:00:23.269727,https://artbreeder.b-cdn.net/imgs/e71552fa5bad5d101942fd2c29bd.jpeg?width=350,24251
artbreeder_playwright_000143.jpg,artbreeder_playwright,ai,public,2025-10-25T01:00:26.925695,https://artbreeder.b-cdn.net/imgs/248fd563362c4351545b8d074373.jpeg,85134
artbreeder_playwright_000144.jpg,artbreeder_playwright,ai,public,2025-10-25T01:00:31.740249,https://artbreeder.b-cdn.net/imgs/c4ad7f0dd60776ab9de3f663c273.jpeg?width=350,23978
artbreeder_playwright_000145.jpg,artbreeder_playwright,ai,public,2025-10-25T01:00:34.741351,https://artbreeder.b-cdn.net/imgs/cf1f58fe7921c194725bee80e7fc.jpeg?width=300,46408
artbreeder_playwright_000146.jpg,artbreeder_playwright,ai,public,2025-10-25T01:00:38.419968,https://artbreeder.b-cdn.net/imgs/fddf12834296f190a182742bc721.jpeg?width=350,33573
artbreeder_playwright_000147.jpg,artbreeder_playwright,ai,public,2025-10-25T01:00:43.043881,https://artbreeder.b-cdn.net/imgs/9bd49ec65d54ac05008d6b4fa7ea.jpeg?width=250,27339
artbreeder_playwright_000148.jpg,artbreeder_playwright,ai,public,2025-10-25T01:00:45.737742,https://artbreeder.b-cdn.net/imgs/acea206568c2656f503599068ba9.jpeg?width=400,32834
artbreeder_playwright_000149.jpg,artbreeder_playwright,ai,public,2025-10-25T01:00:49.917571,https://artbreeder.b-cdn.net/imgs/e0806e4c3f211d64195022cc6b22.jpeg?width=250,15375
artbreeder_playwright_000150.jpg,artbreeder_playwright,ai,public,2025-10-25T01:00:53.761962,https://artbreeder.b-cdn.net/imgs/f053da7aa1c2f853e31df88fb2e4.jpeg?width=400,13166
artbreeder_playwright_000151.jpg,artbreeder_playwright,ai,public,2025-10-25T01:00:58.250084,https://artbreeder.b-cdn.net/imgs/f467be0959685bfdcf2e4aa887d7.jpeg?width=350,25308
artbreeder_playwright_000152.jpg,artbreeder_playwright,ai,public,2025-10-25T01:01:01.393231,https://artbreeder.b-cdn.net/imgs/2a7d442b890b7950cffd91331737.jpeg?width=300,30097
artbreeder_playwright_000153.jpg,artbreeder_playwright,ai,public,2025-10-25T01:01:05.192265,https://artbreeder.b-cdn.net/imgs/199c6a2433441a8bb2d6f476e81f.jpeg?width=350,30045
artbreeder_playwright_000154.jpg,artbreeder_playwright,ai,public,2025-10-25T01:01:08.268446,https://artbreeder.b-cdn.net/imgs/4a57998ce299ab2956a40e91c2d4.jpeg?width=300,27913
artbreeder_playwright_000155.jpg,artbreeder_playwright,ai,public,2025-10-25T01:01:11.361435,https://artbreeder.b-cdn.net/imgs/156627de80a298912203aec2e09a.jpeg?width=300,20507
artbreeder_playwright_000156.jpg,artbreeder_playwright,ai,public,2025-10-25T01:01:14.680366,https://artbreeder.b-cdn.net/imgs/cfada07f60c922e24a615ffc4d68.jpeg?width=300,18101
artbreeder_playwright_000157.jpg,artbreeder_playwright,ai,public,2025-10-25T01:01:17.893364,https://artbreeder.b-cdn.net/imgs/1ad73adc897c939925bdfa487376.jpeg?width=350,33200
artbreeder_playwright_000158.jpg,artbreeder_playwright,ai,public,2025-10-25T01:01:21.592955,https://artbreeder.b-cdn.net/imgs/3d1ef9b04c08b3e4f6ac283c954d.jpeg?width=350,39788
artbreeder_playwright_000159.jpg,artbreeder_playwright,ai,public,2025-10-25T01:01:24.501671,https://artbreeder.b-cdn.net/imgs/5d2aed24981fe4ecd9f29ce15181.jpeg?width=250,163761
artbreeder_playwright_000160.jpg,artbreeder_playwright,ai,public,2025-10-25T01:01:28.692077,https://artbreeder.b-cdn.net/imgs/8133b5b0adf6d55aadef1fa82096.jpeg?width=350,33884
artbreeder_playwright_000161.jpg,artbreeder_playwright,ai,public,2025-10-25T01:01:32.725775,https://artbreeder.b-cdn.net/imgs/a36c636f950b0ae6eb02a5340bb6.jpeg?width=300,17784
artbreeder_playwright_000162.jpg,artbreeder_playwright,ai,public,2025-10-25T01:01:35.663066,https://artbreeder.b-cdn.net/imgs/d088d5c83eb7d1355e0aa0415ffa.jpeg?width=300,25705
artbreeder_playwright_000163.jpg,artbreeder_playwright,ai,public,2025-10-25T01:01:39.671555,https://artbreeder.b-cdn.net/imgs/dca225d895265d9822ce238ea152.jpeg,127624
artbreeder_playwright_000164.jpg,artbreeder_playwright,ai,public,2025-10-25T01:01:42.813905,https://artbreeder.b-cdn.net/imgs/0d0d841f6f3e46fa692e06f5a84c.jpeg?width=300,32793
artbreeder_playwright_000165.jpg,artbreeder_playwright,ai,public,2025-10-25T01:01:47.027000,https://artbreeder.b-cdn.net/imgs/baab937521a72228a061ba859d58.jpeg?width=300,44060
reddit_midjourney_000000.jpg,reddit_midjourney,ai,public,2025-10-25T01:01:52.014644,https://i.redd.it/k3x1vz3qeqsf1.png,8095615
reddit_midjourney_000001.jpg,reddit_midjourney,ai,public,2025-10-25T01:01:53.153503,https://i.redd.it/hrf0ldhvv3xf1.jpeg,4934853
reddit_midjourney_000002.jpg,reddit_midjourney,ai,public,2025-10-25T01:18:49.225375,https://i.redd.it/3ua5se0o44xf1.png,2326266
reddit_midjourney_000003.jpg,reddit_midjourney,ai,public,2025-10-25T01:18:50.379336,https://i.redd.it/cd8qev7n05xf1.png,2490422
reddit_midjourney_000004.jpg,reddit_midjourney,ai,public,2025-10-25T01:18:56.383374,https://i.redd.it/fulgljnyu6xf1.jpeg,393648
reddit_midjourney_000005.jpg,reddit_midjourney,ai,public,2025-10-25T01:44:27.487849,https://i.redd.it/uaegofkyv4xf1.png,1945203
reddit_midjourney_000006.jpg,reddit_midjourney,ai,public,2025-10-25T01:44:28.660775,https://i.redd.it/27mfa0e385xf1.jpeg,284879
reddit_midjourney_000007.jpg,reddit_midjourney,ai,public,2025-10-25T01:44:30.416968,https://i.redd.it/uc961qcbt4xf1.png,654033
reddit_midjourney_000008.jpg,reddit_midjourney,ai,public,2025-10-25T01:44:37.537011,https://i.redd.it/e07bubvs71xf1.png,2094961
reddit_midjourney_000009.jpg,reddit_midjourney,ai,public,2025-10-25T01:44:39.376260,https://i.redd.it/o3x0r2pk15xf1.png,5108327
reddit_midjourney_000010.jpg,reddit_midjourney,ai,public,2025-10-25T01:44:40.461883,https://i.redd.it/8l4ejcrm34xf1.png,1673798
reddit_midjourney_000011.jpg,reddit_midjourney,ai,public,2025-10-25T01:44:42.144228,https://i.redd.it/kq833fnpe2xf1.png,1430990
wikimedia_000000.jpg,wikimedia_commons,real,public_domain,2025-10-25T01:50:29.104113,https://upload.wikimedia.org/wikipedia/commons/1/1a/Do%C3%B1a_Hope_Portocarrero%2C_1973.jpg,377331
wikimedia_000001.jpg,wikimedia_commons,real,public_domain,2025-10-25T01:50:30.439310,https://upload.wikimedia.org/wikipedia/commons/1/1e/Kenji_Kano_Portrait_Japan_%E5%98%89%E7%B4%8D%E5%81%A5%E6%B2%BB_pre-1940.jpg,96415
pda_000000.jpg,public_domain_archive,real,public_domain,2025-10-25T01:50:34.050804,https://publicdomainarchive.com/wp-content/uploads/2014/02/modern.jpg,94932
pda_000001.jpg,public_domain_archive,real,public_domain,2025-10-25T01:50:35.373608,https://publicdomainarchive.com/wp-content/uploads/2014/09/weekly.jpg,32951
pixnio_000000.jpg,pixnio,real,cc0,2025-10-25T01:50:37.303272,https://pixnio.com/free-images/2025/10/24/2025-10-24-09-27-47-576x394.jpeg,49435
pixnio_000001.jpg,pixnio,real,cc0,2025-10-25T01:50:39.148535,https://pixnio.com/free-images/2025/10/24/2025-10-24-09-30-58-576x329.jpeg,32409
libreshot_playwright_000000.jpg,libreshot_playwright,real,public_domain,2025-10-25T01:51:07.672773,https://libreshot.com/wp-content/uploads/2023/02/fine-art-photography-prints_small.jpg,109529
libreshot_playwright_000001.jpg,libreshot_playwright,real,public_domain,2025-10-25T01:51:10.983703,https://libreshot.com/wp-content/uploads/2020/10/two-cows_D71_9648-free-image-508x339.jpg,33585
picography_000000.jpg,picography,real,free,2025-10-25T01:51:14.124602,https://picography.co/wp-content/themes/picography-v3.0/images/logo.png,10582
wikimedia_000000.jpg,wikimedia_commons,real,public_domain,2025-10-25T01:53:12.643061,https://upload.wikimedia.org/wikipedia/commons/1/1a/Do%C3%B1a_Hope_Portocarrero%2C_1973.jpg,377331
wikimedia_000001.jpg,wikimedia_commons,real,public_domain,2025-10-25T01:53:14.366707,https://upload.wikimedia.org/wikipedia/commons/1/1e/Kenji_Kano_Portrait_Japan_%E5%98%89%E7%B4%8D%E5%81%A5%E6%B2%BB_pre-1940.jpg,96415
pda_000000.jpg,public_domain_archive,real,public_domain,2025-10-25T01:53:16.581292,https://publicdomainarchive.com/wp-content/uploads/2014/02/modern.jpg,94932
pda_000001.jpg,public_domain_archive,real,public_domain,2025-10-25T01:53:17.921485,https://publicdomainarchive.com/wp-content/uploads/2014/09/weekly.jpg,32951
pda_000002.jpg,public_domain_archive,real,public_domain,2025-10-25T01:53:19.630138,https://publicdomainarchive.com/wp-content/uploads/2014/02/vintage.jpg,72793
pda_000003.jpg,public_domain_archive,real,public_domain,2025-10-25T01:53:21.055439,https://publicdomainarchive.com/wp-content/uploads/2017/09/free-stock-photos-public-domain-images-035-1000x667.jpg,44417
pda_000004.jpg,public_domain_archive,real,public_domain,2025-10-25T01:53:22.875451,https://publicdomainarchive.com/wp-content/uploads/2017/09/free-stock-photos-public-domain-images-013-1000x667.jpg,96170
pda_000005.jpg,public_domain_archive,real,public_domain,2025-10-25T01:53:24.288821,https://publicdomainarchive.com/wp-content/uploads/2017/09/free-stock-photos-public-domain-images-003-667x1000-192684_667x675.jpg,62410
pda_000006.jpg,public_domain_archive,real,public_domain,2025-10-25T01:53:25.915864,https://publicdomainarchive.com/wp-content/uploads/2017/09/free-stock-photos-public-domain-images-002-1000x667.jpg,101488
pda_000007.jpg,public_domain_archive,real,public_domain,2025-10-25T01:53:27.885279,https://publicdomainarchive.com/wp-content/uploads/2017/09/free-stock-photos-public-domain-images-001-1000x667.jpg,142844
pda_000008.jpg,public_domain_archive,real,public_domain,2025-10-25T01:53:29.482281,https://publicdomainarchive.com/wp-content/uploads/2017/01/public-domain-images-free-stock-photos001-1000x750-167066_1000x675.jpg,110613
pda_000009.jpg,public_domain_archive,real,public_domain,2025-10-25T01:53:31.514918,https://publicdomainarchive.com/wp-content/uploads/2017/01/public-domain-images-free-stock-photos008-1000x625.jpg,83420
pda_000010.jpg,public_domain_archive,real,public_domain,2025-10-25T01:53:33.303638,https://publicdomainarchive.com/wp-content/uploads/2017/01/public-domain-images-free-stock-photos004-1000x667.jpg,81953
pda_000011.jpg,public_domain_archive,real,public_domain,2025-10-25T01:53:35.300930,https://publicdomainarchive.com/wp-content/uploads/2017/01/public-domain-images-free-stock-photos010-1000x667.jpg,69603
pda_000012.jpg,public_domain_archive,real,public_domain,2025-10-25T01:53:36.795743,https://publicdomainarchive.com/wp-content/uploads/2016/01/public-domain-images-free-stock-photos-001-1000x667.jpg,126577
pixnio_000000.jpg,pixnio,real,cc0,2025-10-25T01:53:38.355174,https://pixnio.com/free-images/2025/10/24/2025-10-24-09-27-47-576x394.jpeg,49435
pixnio_000001.jpg,pixnio,real,cc0,2025-10-25T01:53:40.377237,https://pixnio.com/free-images/2025/10/24/2025-10-24-09-30-58-576x329.jpeg,32409
pixnio_000002.jpg,pixnio,real,cc0,2025-10-25T01:53:41.966500,https://pixnio.com/free-images/2025/10/23/2025-10-23-04-29-06-576x384.jpeg,47071
pixnio_000003.jpg,pixnio,real,cc0,2025-10-25T01:53:43.746805,https://pixnio.com/free-images/2025/10/22/2025-10-22-07-05-41-576x741.jpeg,109793
pixnio_000004.jpg,pixnio,real,cc0,2025-10-25T01:53:45.115434,https://pixnio.com/free-images/2025/10/21/2025-10-21-06-31-54-576x434.jpg,93946
pixnio_000005.jpg,pixnio,real,cc0,2025-10-25T01:53:46.961045,https://pixnio.com/free-images/2025/10/23/2025-10-23-04-28-56-576x394.jpeg,54399
pixnio_000006.jpg,pixnio,real,cc0,2025-10-25T01:53:48.782319,https://pixnio.com/free-images/2025/10/24/2025-10-24-09-28-46-576x394.jpg,47296
pixnio_000007.jpg,pixnio,real,cc0,2025-10-25T01:53:50.218333,https://pixnio.com/free-images/2025/10/23/2025-10-23-04-35-12-576x394.png,30574
pixnio_000008.jpg,pixnio,real,cc0,2025-10-25T01:53:51.929611,https://pixnio.com/free-images/2025/10/22/2025-10-22-07-03-50-576x364.jpeg,53916
pixnio_000009.jpg,pixnio,real,cc0,2025-10-25T01:53:54.017427,https://pixnio.com/free-images/2025/10/21/2025-10-21-07-25-12-576x434.jpg,95875
pixnio_000010.jpg,pixnio,real,cc0,2025-10-25T01:53:55.441088,https://pixnio.com/free-images/2025/10/24/2025-10-24-09-58-08-576x384.jpg,51581
pixnio_000011.jpg,pixnio,real,cc0,2025-10-25T01:53:56.765982,https://pixnio.com/free-images/2025/10/21/2025-10-21-07-14-30-576x384.jpeg,35886
pixnio_000012.jpg,pixnio,real,cc0,2025-10-25T01:53:58.731457,https://pixnio.com/free-images/2025/10/21/2025-10-21-07-17-01-576x384.jpeg,33953
pixnio_000013.jpg,pixnio,real,cc0,2025-10-25T01:54:00.684372,https://pixnio.com/free-images/2025/08/14/2025-08-14-00-50-05-576x434.jpg,79486
pixnio_000014.jpg,pixnio,real,cc0,2025-10-25T01:54:02.406770,https://pixnio.com/free-images/2025/05/14/2025-05-14-03-45-27-576x394.jpeg,58509
pixnio_000015.jpg,pixnio,real,cc0,2025-10-25T01:54:03.608186,https://pixnio.com/free-images/2025/06/05/2025-06-05-09-36-56-576x364.jpeg,58497
pixnio_000016.jpg,pixnio,real,cc0,2025-10-25T01:54:05.048280,https://pixnio.com/free-images/2025/06/20/2025-06-20-05-21-11-576x364.jpeg,73080
pixnio_000017.jpg,pixnio,real,cc0,2025-10-25T01:54:06.610671,https://pixnio.com/free-images/2025/07/18/2025-07-18-05-07-14-576x394.jpeg,51591
pixnio_000018.jpg,pixnio,real,cc0,2025-10-25T01:54:08.341778,https://pixnio.com/free-images/2025/07/21/2025-07-21-08-20-55-576x741.png,34150
pixnio_000019.jpg,pixnio,real,cc0,2025-10-25T01:54:09.927343,https://pixnio.com/free-images/2025/07/17/2025-07-17-05-09-35-576x576.png,62792
pixnio_000020.jpg,pixnio,real,cc0,2025-10-25T01:54:11.848356,https://pixnio.com/free-images/2025/10/01/2025-10-01-07-30-31-576x384.jpeg,68172
pixnio_000021.jpg,pixnio,real,cc0,2025-10-25T01:54:13.680387,https://pixnio.com/free-images/2025/09/10/2025-09-10-15-45-26-576x434.jpg,56518
pixnio_000022.jpg,pixnio,real,cc0,2025-10-25T01:54:15.516646,https://pixnio.com/free-images/2025/06/09/2025-06-09-07-35-28-576x394.jpeg,46480
pixnio_000023.jpg,pixnio,real,cc0,2025-10-25T01:54:17.328009,https://pixnio.com/free-images/2025/04/28/2025-04-28-10-23-28-576x324.jpg,69494
pixnio_000024.jpg,pixnio,real,cc0,2025-10-25T01:54:18.800324,https://pixnio.com/free-images/2025/07/02/2025-07-02-04-35-51-576x329.jpeg,22481
pixnio_000025.jpg,pixnio,real,cc0,2025-10-25T01:54:19.946575,https://pixnio.com/free-images/2025/06/01/2025-06-01-18-29-00-576x393.png,44932
pixnio_000026.jpg,pixnio,real,cc0,2025-10-25T01:54:21.891346,https://pixnio.com/free-images/2025/07/21/2025-07-21-08-22-03-576x576.png,52990
pixnio_000027.jpg,pixnio,real,cc0,2025-10-25T01:54:23.486652,https://pixnio.com/free-images/2025/05/30/2025-05-30-08-19-50-576x394.jpeg,35718
libreshot_playwright_000000.jpg,libreshot_playwright,real,public_domain,2025-10-25T01:55:29.657994,https://libreshot.com/wp-content/uploads/2023/02/fine-art-photography-prints_small.jpg,109529
libreshot_playwright_000001.jpg,libreshot_playwright,real,public_domain,2025-10-25T01:55:33.753435,https://libreshot.com/wp-content/uploads/2020/10/tree-fog_D71_9298-free-image-508x339.jpg,20707
libreshot_playwright_000002.jpg,libreshot_playwright,real,public_domain,2025-10-25T01:55:36.953719,https://libreshot.com/wp-content/uploads/2020/10/true-bug_D71_2050-free-image-508x339.jpg,28761
libreshot_playwright_000003.jpg,libreshot_playwright,real,public_domain,2025-10-25T01:55:41.154770,https://libreshot.com/wp-content/uploads/2020/10/trees-forest_D71_9496-free-image-508x339.jpg,67529
libreshot_playwright_000004.jpg,libreshot_playwright,real,public_domain,2025-10-25T01:55:45.018107,https://libreshot.com/wp-content/uploads/2020/10/travel-path_D71_9512-free-image-508x339.jpg,28323
libreshot_playwright_000005.jpg,libreshot_playwright,real,public_domain,2025-10-25T01:55:48.812765,https://libreshot.com/wp-content/uploads/2020/10/transmitter-velka-javorina_D71_9517-free-image-508x339.jpg,21522
libreshot_playwright_000006.jpg,libreshot_playwright,real,public_domain,2025-10-25T01:55:52.372386,https://libreshot.com/wp-content/uploads/2020/10/two-cows_D71_9648-free-image-508x339.jpg,33585
picography_000000.jpg,picography,real,free,2025-10-25T01:55:56.247065,https://picography.co/wp-content/themes/picography-v3.0/images/logo.png,10582
picography_000001.jpg,picography,real,free,2025-10-25T01:55:59.685417,https://picography.co/wp-content/themes/picography-v3.0/images/logo.png,10582
picography_000002.jpg,picography,real,free,2025-10-25T01:56:01.666071,https://picography.co/wp-content/uploads/2024/10/picography-vidsplay-motion-effect-01-600x400.jpg,41932
picography_000003.jpg,picography,real,free,2025-10-25T01:56:02.986415,https://picography.co/wp-content/uploads/2024/10/picography-colorful-fall-leaf-600x400.jpg,75797
picography_000004.jpg,picography,real,free,2025-10-25T01:56:04.967468,https://picography.co/wp-content/uploads/2024/10/picography-rustic-wood-slices-600x400.jpg,33430
picography_000005.jpg,picography,real,free,2025-10-25T01:56:06.952274,https://picography.co/wp-content/themes/picography-v3.0/images/sstk-inline.jpg,52834
picography_000006.jpg,picography,real,free,2025-10-25T01:56:08.000899,https://picography.co/wp-content/uploads/2024/10/picography-macro-leaf-detail-600x400.jpg,58802
picography_000007.jpg,picography,real,free,2025-10-25T01:56:09.973003,https://picography.co/wp-content/uploads/2024/09/picography-brown-dog-lake-600x400.jpg,40440
picography_000008.jpg,picography,real,free,2025-10-25T01:56:11.029224,https://picography.co/wp-content/uploads/2024/09/picography-forest-road-600x400.jpg,49224
picography_000009.jpg,picography,real,free,2025-10-25T01:56:12.274841,https://picography.co/wp-content/uploads/2024/09/picography-autumn-leaves-ground-600x400.jpg,134867
picography_000010.jpg,picography,real,free,2025-10-25T01:56:13.810071,https://picography.co/wp-content/uploads/2024/09/picography-tablet-pencil-600x400.jpg,22055
picography_000011.jpg,picography,real,free,2025-10-25T01:56:15.772115,https://picography.co/wp-content/uploads/2024/09/picography-womens-hand-moon-bracelet--600x400.jpg,17260
picography_000012.jpg,picography,real,free,2025-10-25T01:56:17.376988,https://picography.co/wp-content/uploads/2024/07/picography-macro-paper-money-007-600x400.jpg,88061
picography_000013.jpg,picography,real,free,2025-10-25T01:56:19.073936,https://picography.co/wp-content/uploads/2024/07/picography-woman-looking-up-600x400.jpg,18201
picography_000014.jpg,picography,real,free,2025-10-25T01:56:20.489556,https://picography.co/wp-content/uploads/2024/07/picography-modern-balconys-600x400.jpg,36647
picography_000015.jpg,picography,real,free,2025-10-25T01:56:21.631338,https://picography.co/wp-content/uploads/2024/07/picography-sunflowers-field-sunset-600x400.jpg,78291
picography_000016.jpg,picography,real,free,2025-10-25T01:56:22.698802,https://picography.co/wp-content/uploads/2024/07/picography-sliced-orange-600x400.jpg,33919
picography_000017.jpg,picography,real,free,2025-10-25T01:56:24.230489,https://picography.co/wp-content/uploads/2024/07/picography-keyboard-wooden-desk-600x400.jpg,66007
picography_000018.jpg,picography,real,free,2025-10-25T01:56:25.527802,https://picography.co/wp-content/uploads/2024/06/picography-sparklers-hands-bokeh-600x400.jpg,30647
picography_000019.jpg,picography,real,free,2025-10-25T01:56:26.875787,https://picography.co/wp-content/uploads/2024/06/picography-bird-street-art-600x400.jpg,70221
picography_000020.jpg,picography,real,free,2025-10-25T01:56:28.524513,https://picography.co/wp-content/themes/picography-v3.0/images/sstk-wide.jpg,33059
wikimedia_000000.jpg,wikimedia_commons,real,public_domain,2025-10-25T02:47:14.494521,https://upload.wikimedia.org/wikipedia/commons/1/1a/Do%C3%B1a_Hope_Portocarrero%2C_1973.jpg,377331
wikimedia_000001.jpg,wikimedia_commons,real,public_domain,2025-10-25T02:47:16.539756,https://upload.wikimedia.org/wikipedia/commons/1/1e/Kenji_Kano_Portrait_Japan_%E5%98%89%E7%B4%8D%E5%81%A5%E6%B2%BB_pre-1940.jpg,96415
pda_000000.jpg,public_domain_archive,real,public_domain,2025-10-25T02:47:19.163494,https://publicdomainarchive.com/wp-content/uploads/2014/02/modern.jpg,94932
pda_000001.jpg,public_domain_archive,real,public_domain,2025-10-25T02:47:21.244708,https://publicdomainarchive.com/wp-content/uploads/2014/09/weekly.jpg,32951
pda_000002.jpg,public_domain_archive,real,public_domain,2025-10-25T02:47:22.706362,https://publicdomainarchive.com/wp-content/uploads/2014/02/vintage.jpg,72793
pda_000003.jpg,public_domain_archive,real,public_domain,2025-10-25T02:47:24.444330,https://publicdomainarchive.com/wp-content/uploads/2017/09/free-stock-photos-public-domain-images-035-1000x667.jpg,44417
pda_000004.jpg,public_domain_archive,real,public_domain,2025-10-25T02:47:25.948891,https://publicdomainarchive.com/wp-content/uploads/2017/09/free-stock-photos-public-domain-images-013-1000x667.jpg,96170
pda_000005.jpg,public_domain_archive,real,public_domain,2025-10-25T02:47:27.344067,https://publicdomainarchive.com/wp-content/uploads/2017/09/free-stock-photos-public-domain-images-003-667x1000-192684_667x675.jpg,62410
pda_000006.jpg,public_domain_archive,real,public_domain,2025-10-25T02:47:28.728250,https://publicdomainarchive.com/wp-content/uploads/2017/09/free-stock-photos-public-domain-images-002-1000x667.jpg,101488
pda_000007.jpg,public_domain_archive,real,public_domain,2025-10-25T02:47:30.324866,https://publicdomainarchive.com/wp-content/uploads/2017/09/free-stock-photos-public-domain-images-001-1000x667.jpg,142844
pda_000008.jpg,public_domain_archive,real,public_domain,2025-10-25T02:47:32.242497,https://publicdomainarchive.com/wp-content/uploads/2017/01/public-domain-images-free-stock-photos001-1000x750-167066_1000x675.jpg,110613
pda_000009.jpg,public_domain_archive,real,public_domain,2025-10-25T02:47:34.000019,https://publicdomainarchive.com/wp-content/uploads/2017/01/public-domain-images-free-stock-photos008-1000x625.jpg,83420
pda_000010.jpg,public_domain_archive,real,public_domain,2025-10-25T02:47:35.169418,https://publicdomainarchive.com/wp-content/uploads/2017/01/public-domain-images-free-stock-photos004-1000x667.jpg,81953
pda_000011.jpg,public_domain_archive,real,public_domain,2025-10-25T02:47:36.649224,https://publicdomainarchive.com/wp-content/uploads/2017/01/public-domain-images-free-stock-photos010-1000x667.jpg,69603
pda_000012.jpg,public_domain_archive,real,public_domain,2025-10-25T02:47:38.642158,https://publicdomainarchive.com/wp-content/uploads/2016/01/public-domain-images-free-stock-photos-001-1000x667.jpg,126577
pixnio_000000.jpg,pixnio,real,cc0,2025-10-25T02:47:40.166053,https://pixnio.com/free-images/2025/10/24/2025-10-24-09-58-08-576x384.jpg,51581
pixnio_000001.jpg,pixnio,real,cc0,2025-10-25T02:47:41.356738,https://pixnio.com/free-images/2025/10/23/2025-10-23-04-35-12-576x394.png,30574
pixnio_000002.jpg,pixnio,real,cc0,2025-10-25T02:47:43.025833,https://pixnio.com/free-images/2025/10/24/2025-10-24-09-28-46-576x394.jpg,47296
pixnio_000003.jpg,pixnio,real,cc0,2025-10-25T02:47:44.649970,https://pixnio.com/free-images/2025/10/24/2025-10-24-09-30-58-576x329.jpeg,32409
pixnio_000004.jpg,pixnio,real,cc0,2025-10-25T02:47:45.892994,https://pixnio.com/free-images/2025/10/23/2025-10-23-04-28-56-576x394.jpeg,54399
pixnio_000005.jpg,pixnio,real,cc0,2025-10-25T02:47:47.349581,https://pixnio.com/free-images/2025/10/24/2025-10-24-09-27-47-576x394.jpeg,49435
pixnio_000006.jpg,pixnio,real,cc0,2025-10-25T02:47:48.857272,https://pixnio.com/free-images/2025/10/23/2025-10-23-04-29-06-576x384.jpeg,47071
pixnio_000007.jpg,pixnio,real,cc0,2025-10-25T02:47:50.106911,https://pixnio.com/free-images/2025/10/21/2025-10-21-07-14-30-576x384.jpeg,35886
pixnio_000008.jpg,pixnio,real,cc0,2025-10-25T02:47:52.025331,https://pixnio.com/free-images/2025/10/21/2025-10-21-07-25-12-576x434.jpg,95875
pixnio_000009.jpg,pixnio,real,cc0,2025-10-25T02:47:54.024596,https://pixnio.com/free-images/2025/10/21/2025-10-21-06-31-54-576x434.jpg,93946
pixnio_000010.jpg,pixnio,real,cc0,2025-10-25T02:47:55.730121,https://pixnio.com/free-images/2025/10/21/2025-10-21-07-17-01-576x384.jpeg,33953
pixnio_000011.jpg,pixnio,real,cc0,2025-10-25T02:47:57.029547,https://pixnio.com/free-images/2025/10/22/2025-10-22-07-03-50-576x364.jpeg,53916
pixnio_000012.jpg,pixnio,real,cc0,2025-10-25T02:47:59.018845,https://pixnio.com/free-images/2025/10/22/2025-10-22-07-05-41-576x741.jpeg,109793
pixnio_000013.jpg,pixnio,real,cc0,2025-10-25T02:48:00.297626,https://pixnio.com/free-images/2025/07/16/2025-07-16-04-42-30-576x394.jpeg,26813
pixnio_000014.jpg,pixnio,real,cc0,2025-10-25T02:48:01.623072,https://pixnio.com/free-images/2025/06/05/2025-06-05-09-36-17-576x394.jpeg,37773
pixnio_000015.jpg,pixnio,real,cc0,2025-10-25T02:48:03.706811,https://pixnio.com/free-images/2025/07/18/2025-07-18-05-07-14-576x394.jpeg,51591
pixnio_000016.jpg,pixnio,real,cc0,2025-10-25T02:48:04.980061,https://pixnio.com/free-images/2025/05/16/2025-05-16-03-48-08-576x384.jpg,26690
pixnio_000017.jpg,pixnio,real,cc0,2025-10-25T02:48:06.386027,https://pixnio.com/free-images/2025/04/28/2025-04-28-10-24-20-576x310.png,15837
pixnio_000018.jpg,pixnio,real,cc0,2025-10-25T02:48:08.036893,https://pixnio.com/free-images/2025/06/12/2025-06-12-08-29-48-576x384.jpg,39653
pixnio_000019.jpg,pixnio,real,cc0,2025-10-25T02:48:09.339442,https://pixnio.com/free-images/2025/06/03/2025-06-03-07-41-01-576x394.jpeg,55891
pixnio_000020.jpg,pixnio,real,cc0,2025-10-25T02:48:11.327458,https://pixnio.com/free-images/2025/06/24/2025-06-24-07-22-26-576x741.jpeg,48440
libreshot_playwright_000000.jpg,libreshot_playwright,real,public_domain,2025-10-25T02:49:07.936649,https://libreshot.com/wp-content/uploads/2023/02/fine-art-photography-prints_small.jpg,109529
libreshot_playwright_000001.jpg,libreshot_playwright,real,public_domain,2025-10-25T02:49:09.982094,https://libreshot.com/wp-content/uploads/2020/10/travel-path_D71_9512-free-image-508x339.jpg,28323
libreshot_playwright_000002.jpg,libreshot_playwright,real,public_domain,2025-10-25T02:49:12.385064,https://libreshot.com/wp-content/uploads/2020/10/vertical-air-baloon_D71_5188-free-image-508x762.jpg,17111
libreshot_playwright_000003.jpg,libreshot_playwright,real,public_domain,2025-10-25T02:49:16.564352,https://libreshot.com/wp-content/uploads/2020/10/vintage-bus-station-D71_2238-free-image-508x339.jpg,47014
libreshot_playwright_000004.jpg,libreshot_playwright,real,public_domain,2025-10-25T02:49:20.255140,https://libreshot.com/wp-content/uploads/2020/10/true-bug_D71_2050-free-image-508x339.jpg,28761
libreshot_playwright_000005.jpg,libreshot_playwright,real,public_domain,2025-10-25T02:49:22.516945,https://libreshot.com/wp-content/uploads/2020/10/velka-javorina_D71_9622-free-image-508x339.jpg,27064
libreshot_playwright_000006.jpg,libreshot_playwright,real,public_domain,2025-10-25T02:49:26.414232,https://libreshot.com/wp-content/uploads/2020/10/urbex-interior_D71_2746-free-image-508x339.jpg,50607
libreshot_playwright_000007.jpg,libreshot_playwright,real,public_domain,2025-10-25T02:49:29.441481,https://libreshot.com/wp-content/uploads/2020/10/two-cows_D71_9648-free-image-508x339.jpg,33585
libreshot_playwright_000008.jpg,libreshot_playwright,real,public_domain,2025-10-25T02:49:33.447997,https://libreshot.com/wp-content/uploads/2020/10/transmitter-velka-javorina_D71_9517-free-image-508x339.jpg,21522
libreshot_playwright_000009.jpg,libreshot_playwright,real,public_domain,2025-10-25T02:49:35.721784,https://libreshot.com/wp-content/uploads/2020/10/tree-fog_D71_9298-free-image-508x339.jpg,20707
libreshot_playwright_000010.jpg,libreshot_playwright,real,public_domain,2025-10-25T02:49:38.481553,https://libreshot.com/wp-content/uploads/2020/10/trees-forest_D71_9496-free-image-508x339.jpg,67529
picography_000000.jpg,picography,real,free,2025-10-25T02:49:41.545813,https://picography.co/wp-content/themes/picography-v3.0/images/logo.png,10582
picography_000001.jpg,picography,real,free,2025-10-25T02:49:44.263165,https://picography.co/wp-content/themes/picography-v3.0/images/logo.png,10582
picography_000002.jpg,picography,real,free,2025-10-25T02:49:45.805197,https://picography.co/wp-content/uploads/2024/10/picography-vidsplay-motion-effect-01-600x400.jpg,41932
picography_000003.jpg,picography,real,free,2025-10-25T02:49:47.262864,https://picography.co/wp-content/uploads/2024/10/picography-colorful-fall-leaf-600x400.jpg,75797
picography_000004.jpg,picography,real,free,2025-10-25T02:49:48.395212,https://picography.co/wp-content/uploads/2024/10/picography-rustic-wood-slices-600x400.jpg,33430
picography_000005.jpg,picography,real,free,2025-10-25T02:49:50.137236,https://picography.co/wp-content/themes/picography-v3.0/images/sstk-inline.jpg,52834
picography_000006.jpg,picography,real,free,2025-10-25T02:49:52.041279,https://picography.co/wp-content/uploads/2024/10/picography-macro-leaf-detail-600x400.jpg,58802
picography_000007.jpg,picography,real,free,2025-10-25T02:49:53.928179,https://picography.co/wp-content/uploads/2024/09/picography-brown-dog-lake-600x400.jpg,40440
picography_000008.jpg,picography,real,free,2025-10-25T02:49:55.103023,https://picography.co/wp-content/uploads/2024/09/picography-forest-road-600x400.jpg,49224
picography_000009.jpg,picography,real,free,2025-10-25T02:49:56.671254,https://picography.co/wp-content/uploads/2024/09/picography-autumn-leaves-ground-600x400.jpg,134867
picography_000010.jpg,picography,real,free,2025-10-25T02:49:58.059488,https://picography.co/wp-content/uploads/2024/09/picography-tablet-pencil-600x400.jpg,22055
picography_000011.jpg,picography,real,free,2025-10-25T02:49:59.815135,https://picography.co/wp-content/uploads/2024/09/picography-womens-hand-moon-bracelet--600x400.jpg,17260
picography_000012.jpg,picography,real,free,2025-10-25T02:50:01.341609,https://picography.co/wp-content/uploads/2024/07/picography-macro-paper-money-007-600x400.jpg,88061
picography_000013.jpg,picography,real,free,2025-10-25T02:50:03.240403,https://picography.co/wp-content/uploads/2024/07/picography-woman-looking-up-600x400.jpg,18201
picography_000014.jpg,picography,real,free,2025-10-25T02:50:04.583474,https://picography.co/wp-content/uploads/2024/07/picography-modern-balconys-600x400.jpg,36647
picography_000015.jpg,picography,real,free,2025-10-25T02:50:05.692803,https://picography.co/wp-content/uploads/2024/07/picography-sunflowers-field-sunset-600x400.jpg,78291
picography_000016.jpg,picography,real,free,2025-10-25T02:50:07.532976,https://picography.co/wp-content/uploads/2024/07/picography-sliced-orange-600x400.jpg,33919
picography_000017.jpg,picography,real,free,2025-10-25T02:50:09.050435,https://picography.co/wp-content/uploads/2024/07/picography-keyboard-wooden-desk-600x400.jpg,66007
picography_000018.jpg,picography,real,free,2025-10-25T02:50:10.227487,https://picography.co/wp-content/uploads/2024/06/picography-sparklers-hands-bokeh-600x400.jpg,30647
picography_000019.jpg,picography,real,free,2025-10-25T02:50:12.164241,https://picography.co/wp-content/uploads/2024/06/picography-bird-street-art-600x400.jpg,70221
